timestamp,artist,track,album,source,duration_seconds
#Add your data here 
2026-02-26T06:22:11.881696,Duane Hoover,Nowhere (Single),,SomaFM,180
2026-02-26T06:54:00.362537,Duane Hoover,Nowhere (Single),,SomaFM,180
2026-02-26T06:56:48.633280,,,,manual,180
2026-02-26T07:52:55.317617,Beirut,Arctic Forest,,SomaFM Indie Pop,180
2026-02-26T07:55:21.545785,Dari Bay,Shy Of A Nurse,,SomaFM Indie Pop,180
2026-02-26T07:57:59.073437,Minus The Bear,The Lucky Ones,,SomaFM Indie Pop,180
2026-02-26T08:02:51.541306,Business Of Dreams,Ripe For Anarchy,,SomaFM Indie Pop,180
2026-02-26T08:05:51.547457,I Am Oak,Embers,,SomaFM Indie Pop,180
2026-02-26T08:09:36.552979,Wies,Venus (Ft. Noor),,SomaFM Indie Pop,180
2026-02-26T08:12:14.067042,Patrick Watson,Peter And The Wolf,,SomaFM Indie Pop,180
2026-02-26T08:15:47.811388,Eric Bachmann,Belong To You,,SomaFM Indie Pop,180
2026-02-26T08:20:06.546189,+/,(Plus/Minus) - Ill Advised,,SomaFM Indie Pop,180
2026-02-26T08:22:32.798642,Saintseneca,Lazarus,,SomaFM Indie Pop,180
2026-02-26T08:26:51.540731,Nada Surf,Ice On The Wing,,SomaFM Indie Pop,180
2026-02-26T08:30:36.544743,Happy Landing,Machines,,SomaFM Indie Pop,180
2026-02-26T08:33:47.817313,Wet Leg,Cpr (Radio Mix),,SomaFM Indie Pop,180
2026-02-26T08:36:25.301252,Julia Logan,Moodswings,,SomaFM Indie Pop,180
2026-02-26T08:40:44.067584,Dr. Dog,Fire On My Back,,SomaFM Indie Pop,180
2026-02-26T08:43:21.541968,Hot Hot Heat,Kid Who Stays In The Picture,,SomaFM Indie Pop,180
2026-02-26T08:46:21.540692,Neko Case,Neon Grey Midnight Green,,SomaFM Indie Pop,180
2026-02-26T08:50:40.302980,Blondshell,Model Rockets,,SomaFM Indie Pop,180
2026-02-26T08:54:59.066318,Hide And Shine,Where Was I Then,,SomaFM Indie Pop,180
2026-02-26T08:58:32.805770,Alvvays,In Undertow,,SomaFM Indie Pop,180
2026-02-26T09:01:44.058226,Conor Oberst,Governor's Ball,,SomaFM Indie Pop,180
2026-02-26T09:06:02.825255,Grizzly Bear,Speak In Rounds,,SomaFM Indie Pop,180
2026-02-26T09:10:21.555432,Emily Wells,You Dream Of China (Radio Edit),,SomaFM Indie Pop,180
2026-02-26T09:31:43.256859,Ra Ra Riot,Flowers,,SomaFM Indie Pop,180
2026-02-26T09:32:39.468612,Clouds Are Ghosts,Decimeters,,SomaFM Indie Pop,180
2026-02-26T09:37:09.479097,Flyte,Emily And Me,,SomaFM Indie Pop,180
2026-02-26T09:41:16.986564,Temples,Prisms,,SomaFM Indie Pop,180
2026-02-26T09:44:05.743961,Sea Lemon,Stay,,SomaFM Indie Pop,180
2026-02-26T09:47:05.736616,Jay Som,1 Billion Dogs,,SomaFM Indie Pop,180
2026-02-26T09:49:43.232098,Panama Wedding,Feels Like Summer,,SomaFM Indie Pop,180
2026-02-26T09:53:50.725365,Arcade Fire,Deep Blue,,SomaFM Indie Pop,180
2026-02-26T09:57:46.982535,Explosions In The Sky,Human Qualities,,SomaFM Indie Pop,180
2026-02-26T10:15:04.710135,Throwing Muses,Drugstore Drastic,,SomaFM Indie Pop,180
2026-02-26T10:17:19.695041,Teen Daze,Ice On The Windowsill,,SomaFM Indie Pop,180
2026-02-26T10:21:27.209986,"Horrors, The",In And Out Of Sight,,SomaFM Indie Pop,180
2026-02-26T10:26:19.692876,Hatchie,Lose It Again,,SomaFM Indie Pop,180
2026-02-26T10:29:53.437952,Iron & Wine,Bag Of Cats,,SomaFM Indie Pop,180
2026-02-26T10:33:04.688857,Memorials,Acceptable Experience (Radio E,,SomaFM Indie Pop,180
2026-02-26T10:35:42.177862,Pains Of Being Pure At Heart,Masokissed,,SomaFM Indie Pop,180
2026-02-26T10:38:53.438620,M. Ward,Sweetheart,,SomaFM Indie Pop,180
2026-02-26T10:41:00.557009,M. Ward,Sweetheart,,SomaFM Indie Pop,180
2026-02-26T10:42:08.028961,We Are Scientists,Make It Easy,,SomaFM Indie Pop,180
2026-02-26T10:46:15.870932,Fleet Foxes,Drops In The River,,SomaFM Indie Pop,180
2026-02-26T10:49:49.623021,Ellur,Dream Of Mine,,SomaFM Indie Pop,180
2026-02-26T10:53:57.091950,Juliana Hatfield,Where Are You Now,,SomaFM Indie Pop,180
2026-02-26T10:57:30.860320,Hand Habits,More Today,,SomaFM Indie Pop,180
2026-02-26T11:02:34.611072,Peach Pyramid,Mt. Pleasant,,SomaFM Indie Pop,180
2026-02-26T11:06:30.857754,Release The Sunbird,It's All Around You,,SomaFM Indie Pop,180
2026-02-26T11:08:34.620278,Bay Ledges,Beach Baby,,SomaFM Indie Pop,180
2026-02-26T11:11:12.112688,Valery Trails,People Who Are Gone,,SomaFM Indie Pop,180
2026-02-26T11:14:45.849350,Soccer Mommy,Some Sunny Day,,SomaFM Indie Pop,180
2026-02-26T11:18:30.852773,S. Carey,Hideout,,SomaFM Indie Pop,180
2026-02-26T11:21:19.615519,EL VY,It's A Game,,SomaFM Indie Pop,180
2026-02-26T11:25:27.091329,Teleman,Spectre,,SomaFM Indie Pop,180
2026-02-26T11:29:12.090363,Elliott Smith,Somebody That I Used To Know,,SomaFM Indie Pop,180
2026-02-26T11:31:15.852987,Phantastic Ferniture,Change My Mind,,SomaFM Indie Pop,180
2026-02-26T11:34:04.610992,Mini Trees,Hard To Love,,SomaFM Indie Pop,180
2026-02-26T11:37:38.352180,Nilufer Yanya,Like I Say (I Runaway) (Dirty),,SomaFM Indie Pop,180
2026-02-26T11:40:38.350365,Cass McCombs,There Can Be Only One,,SomaFM Indie Pop,180
2026-02-26T11:44:45.857565,Thee Oh Sees,Wait Let's Go,,SomaFM Indie Pop,180
2026-02-26T11:48:08.351785,Exek,Sidestepping,,SomaFM Indie Pop,180
2026-02-26T11:50:48.437830,Exek,Sidestepping,,SomaFM Indie Pop,180
2026-02-26T11:52:07.166761,Cloth,Pigeon,,SomaFM Indie Pop,180
2026-02-26T11:56:03.411566,Fleece,Come Waste Your Time,,SomaFM Indie Pop,180
2026-02-26T11:56:59.143183,Fleece,Come Waste Your Time,,SomaFM Indie Pop,180
2026-02-26T11:59:02.901073,Colour Me Wednesday,Don't Tell Anyone,,SomaFM Indie Pop,180
2026-02-26T12:02:25.382161,Tame Impala,Why Won't They Talk To Me,,SomaFM Indie Pop,180
2026-02-26T12:07:17.887382,New Pornographers,Angelcover,,SomaFM Indie Pop,180
2026-02-26T12:10:40.396621,Magnetic Fields,Walk A Lonely Road,,SomaFM Indie Pop,180
2026-02-26T12:13:29.136932,Dr. Dog,Love Struck (Feat. M. Ward),,SomaFM Indie Pop,180
2026-02-26T13:46:05.140254,Phantom Wave,Echoes Unknown,,SomaFM Indie Pop,180
2026-02-26T13:51:17.304321,Foals,Birch Tree,,SomaFM Indie Pop,180
2026-02-26T14:09:08.725843,Cut Worms,Evil Twin (Radio Edit),,SomaFM Indie Pop,180
2026-02-26T14:23:50.083308,Admiral Fallow,To Not Be Left Behind,,SomaFM Indie Pop,180
2026-02-26T14:24:46.307999,Fruit Bats,Creature From The Wild,,SomaFM Indie Pop,180
2026-02-26T14:27:57.561013,Juliana Hatfield,Fall Apart,,SomaFM Indie Pop,180
2026-02-26T14:31:31.303445,"Loney, Dear",Largo,,SomaFM Indie Pop,180
2026-02-26T14:34:42.579060,Green Buzzard,To Be Like You,,SomaFM Indie Pop,180
2026-02-26T14:37:53.820508,Operators,In Moderan,,SomaFM Indie Pop,180
2026-02-26T14:41:16.299708,Nyles Lannon,Submarine,,SomaFM Indie Pop,180
2026-02-26T14:44:27.560472,Softlung,Midnight Mountains,,SomaFM Indie Pop,180
2026-02-26T14:48:35.062770,Nilufer Yanya,Kneel,,SomaFM Indie Pop,180
2026-02-26T14:59:11.746909,Ratatat,Lex,,SomaFM Indie Pop,180
2026-02-26T14:59:23.002839,Yo La Tengo,Sugarcube,,SomaFM Indie Pop,180
2026-02-26T15:02:22.986353,Kate Prendergast,Retold Tale,,SomaFM Indie Pop,180
2026-02-26T15:05:45.491166,Throwing Muses,You're Clouds,,SomaFM Indie Pop,180
2026-02-26T15:09:07.988722,Wet Leg,Davina Mccall (Clean Edit),,SomaFM Indie Pop,180
2026-02-26T15:12:41.755357,Alvvays,Next Of Kin,,SomaFM Indie Pop,180
2026-02-26T15:16:26.738678,They Might Be Giants,Answer,,SomaFM Indie Pop,180
2026-02-26T15:19:37.975292,Stars,Hold On When You Get Love And Let Go When You Give It,,SomaFM Indie Pop,180
2026-02-26T15:24:19.232078,Kelley Stoltz,"I Remember, You Were Wild",,SomaFM Indie Pop,180
2026-02-26T15:27:30.490760,Greeting Committee,Cyclical,,SomaFM Indie Pop,180
2026-02-26T15:30:52.976084,Sea Lemon,Silver,,SomaFM Indie Pop,180
2026-02-26T15:33:52.971538,Celestial Bums,The Letters,,SomaFM Indie Pop,180
2026-02-26T15:40:40.055346,Matt Costa,Sweet Thursday,,SomaFM Indie Pop,180
2026-02-26T15:44:13.792164,Strange Names,Neighborhood,,SomaFM Indie Pop,180
2026-02-26T15:48:10.045195,Belair Lip Bombs,Hey You (Radio Edit),,SomaFM Indie Pop,180
2026-02-26T15:51:32.535353,Sea Of Lettuce,Future Endeavours,,SomaFM Indie Pop,180
2026-02-26T15:55:06.287201,Lisa SQ,Cold Little Fingers,,SomaFM Indie Pop,180
2026-02-26T15:57:32.545432,Dream Wife,Hasta La Vista,,SomaFM Indie Pop,180
2026-02-26T16:01:17.533128,Sea Wolf,Kasper,,SomaFM Indie Pop,180
2026-02-26T16:04:51.282275,Matt Pond PA,Rabbit,,SomaFM Indie Pop,180
2026-02-26T16:08:13.803619,Camera Obscura,Happy New Year,,SomaFM Indie Pop,180
2026-02-26T16:11:58.791605,Mayflies Usa,Kickless Kids,,SomaFM Indie Pop,180
2026-02-26T16:15:32.549452,Ryli,I Think I Need You Around,,SomaFM Indie Pop,180
2026-02-26T16:18:21.283792,Snocaps,Coast (Dirty),,SomaFM Indie Pop,180
2026-02-26T16:20:36.268599,Clap Your Hands Say Yeah,Details Of The War,,SomaFM Indie Pop,180
2026-02-26T16:24:10.030646,Benjamin Gibbard,You Remind Me Of Home,,SomaFM Indie Pop,180
2026-02-26T16:26:13.792136,Oceanique,Winter Song,,SomaFM Indie Pop,180
2026-02-26T16:29:47.547670,Peel Dream Magazine,Venus In Nadir,,SomaFM Indie Pop,180
2026-02-26T16:31:40.044146,Memorials,Cut Glass Hammer,,SomaFM Indie Pop,180
2026-02-26T16:35:36.271269,Death Cab For Cutie,No Sunlight,,SomaFM Indie Pop,180
2026-02-26T16:38:02.531056,Black Keys,Tell Me Lies,,SomaFM Indie Pop,180
2026-02-26T16:41:47.531068,Line & Circle,Tunnel Joy,,SomaFM Indie Pop,180
2026-02-26T16:45:32.548399,Peaking Lights,Dreamquest,,SomaFM Indie Pop,180
2026-02-26T16:49:28.806492,Hiqpy,Girl In Red,,SomaFM Indie Pop,180
2026-02-26T16:52:51.270695,Patrick Watson,Peter And The Wolf (Radio Edit),,SomaFM Indie Pop,180
2026-02-26T16:55:51.283688,Fanclubwallet,Do Over,,SomaFM Indie Pop,180
2026-02-26T16:58:51.271273,Dismemberment Plan,Spider In The Snow,,SomaFM Indie Pop,180
2026-02-26T17:02:36.284441,Tallies,Eden,,SomaFM Indie Pop,180
2026-02-26T17:06:21.284276,Neko Case,Louise,,SomaFM Indie Pop,180
2026-02-26T17:10:28.791705,Soft Loft,Can,,SomaFM Indie Pop,180
2026-02-26T17:13:40.031244,Washed Out,Letting Go,,SomaFM Indie Pop,180
2026-02-26T17:17:58.791776,Of Monsters And Men,Lakehouse,,SomaFM Indie Pop,180
2026-02-26T17:22:17.530501,Tristen,Dark Matter,,SomaFM Indie Pop,180
2026-02-26T17:25:51.283123,Ladytron,The Animals,,SomaFM Indie Pop,180
2026-02-26T17:30:21.271090,Small Black,Lines Of Latitude,,SomaFM Indie Pop,180
2026-02-26T17:34:43.766551,Innocence Mission,The Camera Divides The Coast Of Maine,,SomaFM Indie Pop,180
2026-02-26T17:38:28.739893,Snuggle,Playthings,,SomaFM Indie Pop,180
2026-02-26T17:41:28.753000,Daisy The Great,Dog,,SomaFM Indie Pop,180
2026-02-26T17:45:25.002443,Buffetlibre,In The Aeroplane,,SomaFM Indie Pop,180
2026-02-26T17:50:40.001775,Leggy,Adonis,,SomaFM Indie Pop,180
2026-02-26T17:52:43.762021,Quentyn,The Night (I Wanna Know),,SomaFM Indie Pop,180
2026-02-26T17:55:10.013658,Grandaddy,Watercooler,,SomaFM Indie Pop,180
2026-02-26T17:59:28.737380,Coral Moons,Summer Of U,,SomaFM Indie Pop,180
2026-02-26T18:02:28.736077,Hop Along,How Simple (Radio),,SomaFM Indie Pop,180
2026-02-26T18:05:51.250694,Pains Of Being Pure At Heart,Contender,,SomaFM Indie Pop,180
2026-02-26T18:08:17.482362,Kathryn Calder,Low,,SomaFM Indie Pop,180
2026-02-26T18:12:13.752315,Sea And Cake,Window Sills,,SomaFM Indie Pop,180
2026-02-26T18:15:47.481045,Boyscott,Moose Head,,SomaFM Indie Pop,180
2026-02-26T18:17:39.997699,NoSo,You're No Man,,SomaFM Indie Pop,180
2026-02-26T18:21:13.753019,Badsoma,Making Due,,SomaFM Indie Pop,180
2026-02-26T18:24:24.999489,Big Thief,Ufof,,SomaFM Indie Pop,180
2026-02-26T18:27:25.004141,Yawn,Follow You,,SomaFM Indie Pop,180
2026-02-26T18:31:21.238949,Jay Som,Cards On The Table,,SomaFM Indie Pop,180
2026-02-26T18:34:43.738846,Fruit Bats,Let You People Down,,SomaFM Indie Pop,180
2026-02-26T18:36:36.253708,Admiral Fallow,The Shortest Night,,SomaFM Indie Pop,180
2026-02-26T18:40:43.738840,Simian Ghost,The Ocean Is A Whisper,,SomaFM Indie Pop,180
2026-02-26T18:43:43.752553,Postcards,Before We Sleep,,SomaFM Indie Pop,180
2026-02-26T18:48:47.492068,Crystal Fighters,La Calling,,SomaFM Indie Pop,180
2026-02-26T18:52:32.493700,M. Ward,Stop The Show,,SomaFM Indie Pop,180
2026-02-26T18:56:06.253249,Flyte,If You Can't Be Happy,,SomaFM Indie Pop,180
2026-02-26T18:59:40.010893,Jeff Tweedy,Caught Up In The Past,,SomaFM Indie Pop,180
2026-02-26T19:03:47.496143,Wet Leg,Pond Song,,SomaFM Indie Pop,180
2026-02-26T19:06:58.751431,Wilson's Prom,Shapeshifter,,SomaFM Indie Pop,180
2026-02-26T19:10:55.011981,Palehound,Dry Food,,SomaFM Indie Pop,180
2026-02-26T19:14:51.251425,Afterhourless,"Coriolis, Centrifugal Love",,SomaFM Indie Pop,180
2026-02-26T19:19:32.493811,Slow Pulp,Broadview,,SomaFM Indie Pop,180
2026-02-26T19:23:28.749721,Ellur,The World Is Not An Oyster,,SomaFM Indie Pop,180
2026-02-26T19:26:51.250415,Anna Burch,Quit The Curse,,SomaFM Indie Pop,180
2026-02-26T19:29:39.998940,Beliefs,Morning Light,,SomaFM Indie Pop,180
2026-02-26T19:33:13.739421,New Pornographers,Colosseums,,SomaFM Indie Pop,180
2026-02-26T19:36:13.740826,Twilight Sad,There's A Girl In The Corner,,SomaFM Indie Pop,180
2026-02-26T19:40:10.010259,Mayflies Usa,Calling The Bad Ones Home,,SomaFM Indie Pop,180
2026-02-26T19:42:13.754887,Rocket,Number One Fan,,SomaFM Indie Pop,180
2026-02-26T19:45:58.751570,Amy Millan,Untethered,,SomaFM Indie Pop,180
2026-02-26T19:49:54.998330,Iron & Wine,Last Of Your Rock 'n' Roll Heroes,,SomaFM Indie Pop,180
2026-02-26T19:53:06.244381,Low,Walk Into The Sea,,SomaFM Indie Pop,180
2026-02-26T19:55:55.014634,Savoir Adore,Holding On Together (Radio Edi,,SomaFM Indie Pop,180
2026-02-26T19:59:06.251045,Radical Face,Dreamcatcher,,SomaFM Indie Pop,180
2026-02-26T20:03:02.499420,Clientele,Trains In The Night,,SomaFM Indie Pop,180
2026-02-26T20:07:21.250820,Jens Lekman,I Saw Her At The Anti War Demonstration,,SomaFM Indie Pop,180
2026-02-26T20:10:32.477986,Mr Little Jeans,Lady Luck,,SomaFM Indie Pop,180
2026-02-26T20:14:06.250585,Starfucker,German Love,,SomaFM Indie Pop,180
2026-02-26T20:17:28.738918,Film School,In Two,,SomaFM Indie Pop,180
2026-02-26T20:21:02.478233,Juliana Hatfield,Long Slow Nervous Breakdown,,SomaFM Indie Pop,180
2026-02-26T20:23:28.752473,Los Campesinos!,A Psychic Wound,,SomaFM Indie Pop,180
2026-02-26T20:27:13.751887,Blitzen Trapper,Cheap Fantastical Takedown,,SomaFM Indie Pop,180
2026-02-26T20:30:47.492367,Young Tongue,Caveshare,,SomaFM Indie Pop,180
2026-02-26T20:35:17.488765,Passenger,Wicked Man's Rest,,SomaFM Indie Pop,180
2026-02-26T20:39:02.491101,Mini Trees,Hollow,,SomaFM Indie Pop,180
2026-02-26T20:42:47.491151,Real Estate,Haunted World,,SomaFM Indie Pop,180
2026-02-26T20:45:36.263679,Soft Loft,Leave The Light On,,SomaFM Indie Pop,180
2026-02-26T20:49:10.010372,Golden Daze,Sleepin' In The Sun,,SomaFM Indie Pop,180
2026-02-26T20:51:13.738858,Warm Soda,Someone For You,,SomaFM Indie Pop,180
2026-02-26T20:53:39.998643,Feist,1 2 3 4,,SomaFM Indie Pop,180
2026-02-26T20:56:28.738953,Vandaveer,Spite,,SomaFM Indie Pop,180
2026-02-26T20:59:06.253212,Half Waif,Big Dipper,,SomaFM Indie Pop,180
2026-02-26T21:03:02.493258,Parcels,Safeandsound (Radio Edit),,SomaFM Indie Pop,180
2026-02-26T21:06:36.252073,Wren Hinds,Father,,SomaFM Indie Pop,180
2026-02-26T21:10:21.250545,Band Of Horses,"Whatever, Wherever",,SomaFM Indie Pop,180
2026-02-26T21:14:28.740173,Day Wave,Hard To Read,,SomaFM Indie Pop,180
2026-02-26T21:17:40.022273,Nada Surf,New Propeller,,SomaFM Indie Pop,180
2026-02-26T21:22:43.746512,Ekkstacy,I Can't Find Anyone,,SomaFM Indie Pop,180
2026-02-26T21:24:58.740641,Flock Of Dimes,Close To Home,,SomaFM Indie Pop,180
2026-02-26T21:29:28.753524,Sea And Cake,On A Letter,,SomaFM Indie Pop,180
2026-02-26T21:33:02.497142,Young Legs,Resolution,,SomaFM Indie Pop,180
2026-02-26T21:35:51.257642,Loquat,Simple Song (Shins Cover),,SomaFM Indie Pop,180
2026-02-26T21:40:09.998212,Augustines,Hold Me Loneliness,,SomaFM Indie Pop,180
2026-02-26T21:43:43.756526,Soccer Mommy,Salt In Wound,,SomaFM Indie Pop,180
2026-02-26T21:47:39.998898,Dari Bay,Same Old Bumpy Road,,SomaFM Indie Pop,180
2026-02-26T21:50:06.237610,Hatchie,Sage,,SomaFM Indie Pop,180
2026-02-26T21:54:02.486022,Superchunk,Green Flowers Blue Fish,,SomaFM Indie Pop,180
2026-02-26T21:57:36.242215,Sean McVerry,Marcy And The Apparition,,SomaFM Indie Pop,180
2026-02-26T22:01:32.486695,Fleece,Take Off All Your Honey,,SomaFM Indie Pop,180
2026-02-26T22:03:47.476636,Rachel Bobbitt,Sweetest Heart,,SomaFM Indie Pop,180
2026-02-26T22:06:58.738255,Camera Obscura,Liberty Print,,SomaFM Indie Pop,180
2026-02-26T22:12:13.750835,Carl Broemel,Snowflake,,SomaFM Indie Pop,180
2026-02-26T22:16:09.996059,Earlimart,Everybody Knows Everybody,,SomaFM Indie Pop,180
2026-02-26T22:18:36.236651,Tennis,Please Don't Ruin This For Me,,SomaFM Indie Pop,180
2026-02-26T22:21:25.012468,Boy & Bear,Three Headed Woman,,SomaFM Indie Pop,180
2026-02-26T22:25:10.012566,Wet Leg,Mangetout (Clean Edit),,SomaFM Indie Pop,180
2026-02-26T22:28:32.490691,Jeff Tweedy,Kc Rain (No Wonder),,SomaFM Indie Pop,180
2026-02-26T22:31:21.240684,Glom,Mirror,,SomaFM Indie Pop,180
2026-02-26T22:34:21.243614,Twerps,Raft,,SomaFM Indie Pop,180
2026-02-26T22:37:32.493515,Ratatat,Bird Priest,,SomaFM Indie Pop,180
2026-02-26T22:40:32.490678,Youth Lagoon,Football (Radio Edit),,SomaFM Indie Pop,180
2026-02-26T22:43:54.995913,Endearments,Real Deal,,SomaFM Indie Pop,180
2026-02-26T22:46:43.751778,Bombay Bicycle Club,Heaven (Feat. Damon Albarn),,SomaFM Indie Pop,180
2026-02-26T22:51:47.479303,Netorare Fan Club,18,,SomaFM Indie Pop,180
2026-02-26T22:56:28.736078,Minks,Everything's Fine,,SomaFM Indie Pop,180
2026-02-26T22:59:51.237840,Just A Gent,Sounds Of Her Mind (Feat. Samsaruh),,SomaFM Indie Pop,180
2026-02-26T23:03:47.475630,Tennis System,Call It Home,,SomaFM Indie Pop,180
2026-02-26T23:06:13.736976,Snuggle,Woman Lake,,SomaFM Indie Pop,180
2026-02-26T23:09:02.476431,Silver Snails,U Say U Know,,SomaFM Indie Pop,180
2026-02-26T23:12:58.752323,Valery Trails,Winter Palace,,SomaFM Indie Pop,180
2026-02-26T23:16:10.010322,Field Mouse,Netsuke,,SomaFM Indie Pop,180
2026-02-26T23:19:32.478196,Liam Finn,Burn Up The Road,,SomaFM Indie Pop,180
2026-02-26T23:24:25.011465,NoSo,Sugar (Radio Edit),,SomaFM Indie Pop,180
2026-02-26T23:28:09.998588,Slow Pulp,Doubt,,SomaFM Indie Pop,180
2026-02-26T23:30:36.243180,Rocket,Pretending,,SomaFM Indie Pop,180
2026-02-26T23:33:13.738997,Mitski,That's Our Lamp,,SomaFM Indie Pop,180
2026-02-26T23:35:28.737088,Chvrches,Night Sky,,SomaFM Indie Pop,180
2026-02-26T23:39:02.492525,Fleet Foxes,"Naiads, Cassadies",,SomaFM Indie Pop,180
2026-02-26T23:42:13.758574,Hemhora & The Glass Band,World On It's Neck,,SomaFM Indie Pop,180
2026-02-26T23:45:36.250151,Barr Brothers,Run Right Into It (Feat. Land Of Talk),,SomaFM Indie Pop,180
2026-02-26T23:49:55.003068,Moon By Moon,Freshman Year,,SomaFM Indie Pop,180
2026-02-26T23:55:09.998346,Sea Lemon,Crystals (Feat. Benjamin Gibbard),,SomaFM Indie Pop,180
2026-02-26T23:59:17.489328,Stephen Malkmus,Jenny & The Ess-dog,,SomaFM Indie Pop,180
2026-02-27T00:01:54.998581,Elvis Costello,Bullets For The Newborn King,,SomaFM Indie Pop,180
2026-02-27T00:05:28.772399,Pictish Trail,Torch Song,,SomaFM Indie Pop,180
2026-02-27T00:10:10.002369,Mommyheads,It's Only Life,,SomaFM Indie Pop,180
2026-02-27T00:15:36.239583,Royel Otis,Ihysm,,SomaFM Indie Pop,180
2026-02-27T00:18:36.259552,Errors,Holus-Bolus,,SomaFM Indie Pop,180
2026-02-27T00:41:23.493257,Caroline Rose,Everywhere I Go I Bring The Ra,,SomaFM Indie Pop,180
2026-02-27T00:41:46.014677,Flyte,Alabaster Feat. Aimee Mann,,SomaFM Indie Pop,180
2026-02-27T00:59:47.883349,Islands,Drown A Fish,,SomaFM Indie Pop,180
2026-02-27T00:59:59.111860,Otter Petter,Winnebago,,SomaFM Indie Pop,180
2026-02-27T01:04:06.662211,Dodos,Destroyer,,SomaFM Indie Pop,180
2026-02-27T01:07:29.156748,Pains Of Being Pure At Heart,Everything With You,,SomaFM Indie Pop,180
2026-02-27T01:10:29.135397,Domestics,Tunnels And Trains,,SomaFM Indie Pop,180
2026-02-27T01:13:17.877896,Rogue Wave,When Sunday Morning Comes,,SomaFM Indie Pop,180
2026-02-27T01:15:44.114009,Flock Of Dimes,Long After Midnight,,SomaFM Indie Pop,180
2026-02-27T01:18:32.874652,Beths,Mosquitoes,,SomaFM Indie Pop,180
2026-02-27T01:22:51.652647,Jay Som,What You Need,,SomaFM Indie Pop,180
2026-02-27T01:26:36.632764,Yumi Zouma,Haji Awali,,SomaFM Indie Pop,180
2026-02-27T01:29:14.105876,Out Lines,Buried Guns,,SomaFM Indie Pop,180
2026-02-27T01:34:17.870899,Dear Boy,Wanderlow,,SomaFM Indie Pop,180
2026-02-27T01:37:51.631938,Rose Of The West,Feast Or Famine (Elise's Radio Edit),,SomaFM Indie Pop,180
2026-02-27T01:40:51.640624,Dizzy,Close,,SomaFM Indie Pop,180
2026-02-27T01:43:40.369038,Explosions In The Sky,The Ecstatics,,SomaFM Indie Pop,180
2026-02-27T01:46:29.106839,"Sin Fang, Soley & Oervar Smarason",Go To Sleep Boy,,SomaFM Indie Pop,180
2026-02-27T01:51:44.361145,Elf Power,Too Many Things In My Hands,,SomaFM Indie Pop,180
2026-02-27T01:53:25.600609,Decemberists,"Los Angeles, I'm Yours",,SomaFM Indie Pop,180
2026-02-27T01:57:33.102346,Courtney Barnett,Lotta Love,,SomaFM Indie Pop,180
2026-02-27T01:59:59.344920,Fleece,So Much Better Now,,SomaFM Indie Pop,180
2026-02-27T02:03:33.117163,Hide And Shine,The Ones Left Behind,,SomaFM Indie Pop,180
2026-02-27T02:07:40.586323,Teen Daze,First Rain,,SomaFM Indie Pop,180
2026-02-27T02:11:25.607232,My Morning Jacket,Just One Thing,,SomaFM Indie Pop,180
2026-02-27T02:14:36.843510,NewDad,Change My Mind,,SomaFM Indie Pop,180
2026-02-27T02:18:10.587756,"xx, The",Teardrops,,SomaFM Indie Pop,180
2026-02-27T02:21:55.595505,Radical Face,Aftermath,,SomaFM Indie Pop,180
2026-02-27T02:26:03.104714,Pinback,Non Photo Blue,,SomaFM Indie Pop,180
2026-02-27T02:29:36.849431,Literature,"Court, Date",,SomaFM Indie Pop,180
2026-02-27T02:32:03.108535,Frightened Rabbit,Break,,SomaFM Indie Pop,180
2026-02-27T02:34:51.845391,Magnetic Fields,Too Drunk To Dream,,SomaFM Indie Pop,180
2026-02-27T02:37:51.843936,+/,(Plus Minus) - Borrowed Time,,SomaFM Indie Pop,180
2026-02-27T02:41:14.347916,Blonde Redhead,Before (Radio Edit),,SomaFM Indie Pop,180
2026-02-27T02:44:36.844317,Snuggle,Sticks,,SomaFM Indie Pop,180
2026-02-27T02:47:25.584114,Walkmen,The Love You Love,,SomaFM Indie Pop,180
2026-02-27T02:50:25.597297,Pixies,Magdalena,,SomaFM Indie Pop,180
2026-02-27T02:53:48.119843,Throwing Muses,South Coast,,SomaFM Indie Pop,180
2026-02-27T02:57:21.844831,Camera Obscura,Big Love,,SomaFM Indie Pop,180
2026-02-27T03:00:10.583572,Cate Le Bon,Heaven Is No Feeling,,SomaFM Indie Pop,180
2026-02-27T03:03:44.346909,Papercuts,A Peculiar Hallelujah,,SomaFM Indie Pop,180
2026-02-27T03:06:44.342327,Shins,Plenty Is Never Enough,,SomaFM Indie Pop,180
2026-02-27T03:09:44.345526,Kopecky,Burnin',,SomaFM Indie Pop,180
2026-02-27T03:14:03.119122,Built To Spill,Horizon To Cliff,,SomaFM Indie Pop,180
2026-02-27T03:16:29.347473,Rachel Bobbitt,Hush,,SomaFM Indie Pop,180
2026-02-27T03:20:03.105845,Maia Friedman,Russian Blue,,SomaFM Indie Pop,180
2026-02-27T03:22:40.583687,Mary Onettes,Slide,,SomaFM Indie Pop,180
2026-02-27T03:26:14.349561,Nada Surf,Out Of The Dark,,SomaFM Indie Pop,180
2026-02-27T03:29:59.343959,Cub Sport,Paradise,,SomaFM Indie Pop,180
2026-02-27T03:32:36.843335,Peel Dream Magazine,Wish You Well,,SomaFM Indie Pop,180
2026-02-27T03:35:14.341700,Dr. Dog,Authority,,SomaFM Indie Pop,180
2026-02-27T03:38:36.845870,Radio Free Alice,Rule 31,,SomaFM Indie Pop,180
2026-02-27T03:42:44.344346,STRFKR,Never Ever,,SomaFM Indie Pop,180
2026-02-27T03:46:06.841988,Quiet Company,A Year In Decline,,SomaFM Indie Pop,180
2026-02-27T03:50:36.843481,Hope Sandoval,Thinking Like That,,SomaFM Indie Pop,180
2026-02-27T03:55:06.849611,Bat For Lashes,What's A Girl To Do,,SomaFM Indie Pop,180
2026-02-27T03:57:55.585794,Jet Van Der Steen,Juni,,SomaFM Indie Pop,180
2026-02-27T04:00:55.584103,Antlers,Carnage (Radio Edit),,SomaFM Indie Pop,180
2026-02-27T04:03:44.342396,Juliana Hatfield,Harmonizing With Myself,,SomaFM Indie Pop,180
2026-02-27T04:07:06.857573,Samana,I'll Keep You With Me,,SomaFM Indie Pop,180
2026-02-27T04:12:10.602377,Beach House,Heart Of Chambers,,SomaFM Indie Pop,180
2026-02-27T04:16:29.353455,Shannon & The Clams,Bean Fields,,SomaFM Indie Pop,180
2026-02-27T04:19:29.355403,Today Junior,Fired Up,,SomaFM Indie Pop,180
2026-02-27T04:22:29.359217,Barr Brothers,Naturally (Feat. La Force),,SomaFM Indie Pop,180
2026-02-27T04:27:10.590754,Donovan Woods,We Used To,,SomaFM Indie Pop,180
2026-02-27T04:29:59.353860,Death Cab For Cutie,Hurricane,,SomaFM Indie Pop,180
2026-02-27T04:46:22.832355,Julia Logan,Mirrors,,SomaFM Indie Pop,180
2026-02-27T04:54:45.346165,I Am Oak,The Way I See It,,SomaFM Indie Pop,180
2026-02-27T04:58:41.593903,Saintseneca,You Have To Lose Your Hat Someday,,SomaFM Indie Pop,180
2026-02-27T05:02:26.582183,Flock Of Dimes,Keep Me In The Dark,,SomaFM Indie Pop,180
2026-02-27T05:06:34.088096,Chris Von Sneidern,Feline,,SomaFM Indie Pop,180
2026-02-27T05:10:07.842174,Day Wave,Something Here,,SomaFM Indie Pop,180
2026-02-27T05:14:04.087444,"Growlers, The",One Million Lovers,,SomaFM Indie Pop,180
2026-02-27T05:18:34.103196,Wesley Fuller,Change Your Mind,,SomaFM Indie Pop,180
2026-02-27T05:21:56.567444,Dear Boy,Kelly Green,,SomaFM Indie Pop,180
2026-02-27T05:25:41.572098,Jay Som,Float,,SomaFM Indie Pop,180
2026-02-27T05:29:04.088074,Cass Mccombs,Peace,,SomaFM Indie Pop,180
2026-02-27T05:33:22.826326,Beaty Heart,Seafood,,SomaFM Indie Pop,180
2026-02-27T05:36:34.100933,Floodlights,Nullarbor,,SomaFM Indie Pop,180
2026-02-27T05:42:39.708948,Innocence Mission,Sisters And Brothers,,SomaFM Indie Pop,180
2026-02-27T05:43:58.450724,Katzin,Anna,,SomaFM Indie Pop,180
2026-02-27T05:46:13.453614,Wet Leg,Don't Speak,,SomaFM Indie Pop,180
2026-02-27T05:49:24.695087,Silva,January,,SomaFM Indie Pop,180
2026-02-27T05:53:32.215330,Mates Of State,Change,,SomaFM Indie Pop,180
2026-02-27T05:56:09.701676,Sharon Van Etten,I'll Try,,SomaFM Indie Pop,180
2026-02-27T05:59:09.700481,Farao,Hunter (Radio Edit),,SomaFM Indie Pop,180
2026-02-27T06:02:32.223333,Sea Lemon,Change Your Face,,SomaFM Indie Pop,180
2026-02-27T06:05:32.204145,Beths,Til My Heart Stops,,SomaFM Indie Pop,180
2026-02-27T06:09:39.712002,Mini Trees,Close,,SomaFM Indie Pop,180
2026-02-27T06:13:13.452360,Camera Obscura,Let's Get Out Of This Country,,SomaFM Indie Pop,180
2026-02-27T06:16:24.692924,Cut Copy,Stars Last Me A Lifetime,,SomaFM Indie Pop,180
2026-02-27T06:19:58.452618,Automatic,Black Box,,SomaFM Indie Pop,180
2026-02-27T06:24:05.945990,BEL,Amor,,SomaFM Indie Pop,180
2026-02-27T06:26:54.705281,Lunar Vacation,You Shouldn't Be,,SomaFM Indie Pop,180
2026-02-27T06:30:39.692770,Helio Sequence,Satellite,,SomaFM Indie Pop,180
2026-02-27T06:33:42.393112,Release The Sunbird,Why Can't You Look At Yourself,,SomaFM Indie Pop,180
2026-02-27T06:37:38.650461,Amber Arcades,Oh My Love (What Have We Done),,SomaFM Indie Pop,180
2026-02-27T06:40:49.898891,Vaccines,I Always Knew,,SomaFM Indie Pop,180
2026-02-27T06:44:23.651255,NoSo,But You Want Him,,SomaFM Indie Pop,180
2026-02-27T06:48:19.909212,Cate Le Bon,Always The Same (Feat. St. Vin,,SomaFM Indie Pop,180
2026-02-27T06:52:38.658282,Fruit Bats,Building A Cathedral,,SomaFM Indie Pop,180
2026-02-27T06:54:31.132765,Carroll,Daylight,,SomaFM Indie Pop,180
2026-02-27T06:58:04.894096,VHS Collection,Ghost,,SomaFM Indie Pop,180
2026-02-27T07:02:12.391602,Throwing Muses,Libretto,,SomaFM Indie Pop,180
2026-02-27T07:05:01.133337,Washed Out,Waking Up,,SomaFM Indie Pop,180
2026-02-27T07:09:55.071529,Peel Dream Magazine,The Band From Northampton,,SomaFM Indie Pop,180
2026-02-27T07:13:24.490715,Telekinesis!,Little Hill,,SomaFM Indie Pop,180
2026-02-27T07:15:39.491099,Matt Pond PA,Several Arrows Later,,SomaFM Indie Pop,180
2026-02-27T07:19:24.489209,Soccer Mommy,Circle The Drain,,SomaFM Indie Pop,180
2026-02-27T07:23:43.254253,Neko Case,Vengeance Is Sleeping,,SomaFM Indie Pop,180
2026-02-27T07:27:05.750374,Beirut,January 18th,,SomaFM Indie Pop,180
2026-02-27T07:30:39.490333,Youth Lagoon,Prizefighter,,SomaFM Indie Pop,180
2026-02-27T07:33:05.769222,Wye Oak,Repeat (If You Remind Me),,SomaFM Indie Pop,180
2026-02-27T07:37:13.266179,Dizzy,Roman Candles (Radio Edit For,,SomaFM Indie Pop,180
2026-02-27T07:41:20.752652,Halsted,Wait Up For Me,,SomaFM Indie Pop,180
2026-02-27T07:44:20.752391,Moon By Moon,Twisted Fingers,,SomaFM Indie Pop,180
2026-02-27T07:47:09.492707,Hand Habits,Way It Goes,,SomaFM Indie Pop,180
2026-02-27T07:51:17.012761,Antlers,Calamity,,SomaFM Indie Pop,180
2026-02-27T07:54:28.250509,"xx, The",Angels,,SomaFM Indie Pop,180
2026-02-27T07:57:17.009103,Baio,Sunburn Modern (Radio Edit),,SomaFM Indie Pop,180
2026-02-27T08:01:24.502550,Metric,Sick Muse,,SomaFM Indie Pop,180
2026-02-27T08:05:43.251281,Clean Spill,Come Around (Rado Edit),,SomaFM Indie Pop,180
2026-02-27T08:09:28.249492,Nada Surf,Open Seas,,SomaFM Indie Pop,180
2026-02-27T08:13:35.760132,Mary Onettes,Hurricane Heart,,SomaFM Indie Pop,180
2026-02-27T08:16:35.750323,Lisa SQ,Primitive Us,,SomaFM Indie Pop,180
2026-02-27T08:48:11.907910,Courtney Barnett,Rae Street,,SomaFM Indie Pop,180
2026-02-27T08:50:49.413686,Beach House,Drunk In LA,,SomaFM Indie Pop,180
2026-02-27T09:00:58.845499,Twilight Sad,Waiting For The Phone Call (Radio Edit),,SomaFM Indie Pop,180
2026-02-27T09:02:06.327892,Rachel Bobbitt,Don't Cry,,SomaFM Indie Pop,180
2026-02-27T09:06:25.070718,Iron & Wine,Right For Sky,,SomaFM Indie Pop,180
2026-02-27T09:10:21.354612,Future Husband,Ritual,,SomaFM Indie Pop,180
2026-02-27T09:13:21.346038,Flock Of Dimes,Afraid,,SomaFM Indie Pop,180
2026-02-27T09:17:06.329789,Ryli,Come And Get Me,,SomaFM Indie Pop,180
2026-02-27T09:20:51.355967,Daisy The Great,Lemon Seeds,,SomaFM Indie Pop,180
2026-02-27T09:24:25.082916,My Bloody Valentine,Only Shallow,,SomaFM Indie Pop,180
2026-02-27T09:28:32.588104,Real Estate,It's Real,,SomaFM Indie Pop,180
2026-02-27T09:31:21.325036,Champion And His Burning Flame,The Expert,,SomaFM Indie Pop,180
2026-02-27T09:59:41.745039,Pool Kids,Easier Said Than Done (Dirty),,SomaFM Indie Pop,180
2026-02-27T10:02:07.982750,Milly,Blocked On Everything,,SomaFM Indie Pop,180
2026-02-27T10:06:04.256775,Sarandons,Deep End,,SomaFM Indie Pop,180
2026-02-27T10:09:26.727977,Tennis,Needle And A Knife,,SomaFM Indie Pop,180
2026-02-27T10:12:26.740152,Fleet Foxes,Cassius,,SomaFM Indie Pop,180
2026-02-27T10:17:30.502079,Rogue Wave,In A Big Country (Big Country Cover),,SomaFM Indie Pop,180
2026-02-27T10:22:11.747711,Guided By Voices,Fly Baby,,SomaFM Indie Pop,180
2026-02-27T10:23:52.991705,Oneohtrix Point Never,Measuring Ruins,,SomaFM Indie Pop,180
2026-02-27T10:26:41.733353,Glom,Window,,SomaFM Indie Pop,180
2026-02-27T10:28:56.727747,Duane Hoover,Nowhere (Single),,SomaFM Indie Pop,180
2026-02-27T10:31:34.250778,Last Shadow Puppets,She Does The Woods,,SomaFM Indie Pop,180
2026-02-27T10:35:07.981217,Interpol,Success,,SomaFM Indie Pop,180
2026-02-27T10:38:30.488121,Wet Leg,Liquidize (Clean Edit),,SomaFM Indie Pop,180
2026-02-27T10:40:56.740672,Royel Otis,Without You,,SomaFM Indie Pop,180
2026-02-27T10:43:56.727796,Ekkstacy,Shutting Me Out,,SomaFM Indie Pop,180
2026-02-27T10:46:11.727518,Braids,Ebben (Elise's Radio Edit),,SomaFM Indie Pop,180
2026-02-27T10:51:04.242901,Starfucker,Boy Toy,,SomaFM Indie Pop,180
2026-02-27T10:54:15.488865,Carissa's Wierd,Die,,SomaFM Indie Pop,180
2026-02-27T10:59:30.485921,Meet Me In Orbit,Last Time,,SomaFM Indie Pop,180
2026-02-27T11:02:52.982005,Automatic,Play Boi,,SomaFM Indie Pop,180
2026-02-27T11:07:00.486299,Blondshell,Thumbtack,,SomaFM Indie Pop,180
2026-02-27T11:11:07.980649,Throwing Muses,Summer Of Love,,SomaFM Indie Pop,180
2026-02-27T11:13:56.740163,Cribs,Goodbye,,SomaFM Indie Pop,180
2026-02-27T11:16:45.509214,Rare Monk,Artifice,,SomaFM Indie Pop,180
2026-02-27T11:20:07.981544,Arc De Soleil,Riders Of The Moon,,SomaFM Indie Pop,180
2026-02-27T11:23:19.241180,M.a.g.s.,Sequence 03,,SomaFM Indie Pop,180
2026-02-27T11:26:52.980534,Paula Kelley,Party Line,,SomaFM Indie Pop,180
2026-02-27T11:30:15.504032,Dressy Bessy,Carry-On,,SomaFM Indie Pop,180
2026-02-27T11:35:07.981044,A.C. Newman,Strings,,SomaFM Indie Pop,180
2026-02-27T11:39:49.229366,Manchester Orchestra,My Backwards Walk (Frightened Rabbit Cover),,SomaFM Indie Pop,180
2026-02-27T11:43:00.501391,Peter Bjorn & John,Does It Matter Now,,SomaFM Indie Pop,180
2026-02-27T11:47:30.501570,Jet Van Der Steen,Antwoord,,SomaFM Indie Pop,180
2026-02-27T11:50:19.229570,Specific Coast,Problems (Clean),,SomaFM Indie Pop,180
2026-02-27T11:53:07.982505,Jay Som,Past Lives,,SomaFM Indie Pop,180
2026-02-27T11:55:56.742752,764,hero - Loaded Painted Red,,SomaFM Indie Pop,180
2026-02-27T12:01:56.760986,Frankie Rose,Street Of Dreams,,SomaFM Indie Pop,180
2026-02-27T12:07:34.241681,Shannon & The Clams,The Vow,,SomaFM Indie Pop,180
2026-02-27T12:11:19.246384,Softcult,Shortest Fuse,,SomaFM Indie Pop,180
2026-02-27T12:14:52.967393,Helio Sequence,Converter,,SomaFM Indie Pop,180
2026-02-27T12:19:22.968740,Tullycraft,Agincourt,,SomaFM Indie Pop,180
2026-02-27T12:22:34.230297,Tegan and Sara,"Goodbye, Goodbye",,SomaFM Indie Pop,180
2026-02-27T12:25:56.737507,Boy & Bear,Bad People,,SomaFM Indie Pop,180
2026-02-27T12:29:07.992099,Bombay Bicycle Club,Your Eyes,,SomaFM Indie Pop,180
2026-02-27T12:34:22.983863,Soft Loft,Pop Up,,SomaFM Indie Pop,180
2026-02-27T12:37:11.741230,Ryli,Medicine Speed,,SomaFM Indie Pop,180
2026-02-27T12:40:22.967759,Beths,Straight Line Was A Lie,,SomaFM Indie Pop,180
2026-02-27T12:44:30.486304,Neighbors,Long Time Gone,,SomaFM Indie Pop,180
2026-02-27T12:48:26.726762,Wilco,Cry All Day,,SomaFM Indie Pop,180
2026-02-27T12:52:34.226844,Sea Lemon,Thought For You,,SomaFM Indie Pop,180
2026-02-27T12:56:19.233854,Nilifer Yanya,Method Actor (Radio Edit),,SomaFM Indie Pop,180
2026-02-27T12:59:07.976297,Rocket,The Choice,,SomaFM Indie Pop,180
2026-02-27T13:02:19.236275,Best Coast,When The Sun Don't Shine,,SomaFM Indie Pop,180
2026-02-27T13:04:34.238316,toyGuitar,On A Wire,,SomaFM Indie Pop,180
2026-02-27T13:07:11.737175,I Am Oak,Woandering,,SomaFM Indie Pop,180
2026-02-27T13:10:45.489007,Pictish Trail,Slow Memories,,SomaFM Indie Pop,180
2026-02-27T13:14:30.487236,"xx, The",Insects,,SomaFM Indie Pop,180
2026-02-27T13:16:34.226483,Royel Otis,Glory To Glory,,SomaFM Indie Pop,180
2026-02-27T13:19:34.226568,Phantastic Ferniture,Dare To Fall In Love,,SomaFM Indie Pop,180
2026-02-27T13:21:49.226440,Dizzy,Pretty Thing,,SomaFM Indie Pop,180
2026-02-27T13:25:45.487891,Lykke Li,Gunshot,,SomaFM Indie Pop,180
2026-02-27T13:29:07.971978,Nada Surf,The One You Want,,SomaFM Indie Pop,180
2026-02-27T13:33:37.966663,Stella,Girl Supreme,,SomaFM Indie Pop,180
2026-02-27T13:36:15.488591,Amy Millan,The Overpass,,SomaFM Indie Pop,180
2026-02-27T13:39:15.488808,Danger Mouse & Sparklehorse,Revenge (Feat. Wayne Coyne),,SomaFM Indie Pop,180
2026-02-27T13:43:56.727518,Fruit Tree Foundation,Splinter,,SomaFM Indie Pop,180
2026-02-27T13:47:07.967541,Midlake,The Old And The Young (Radio Edit),,SomaFM Indie Pop,180
2026-02-27T13:50:41.744975,Vampire Weekend,Walcott,,SomaFM Indie Pop,180
2026-02-27T13:54:15.487778,Sea Lemon,Cynical,,SomaFM Indie Pop,180
2026-02-27T13:56:41.740752,Beths,Take,,SomaFM Indie Pop,180
